Bundesland,population_est
Baden-Württemberg,11339254.719738733
Bayern,13435057.626866473
Berlin,3782182.744231713
Brandenburg,2581670.055069208
Bremen,691696.1220990408
Hamburg,1910163.0614072294
Hessen,6420724.16306665
Mecklenburg-Vorpommern,1629461.5656959238
Niedersachsen,8161991.553855591
Nordrhein-Westfalen,18190387.02174276
Rheinland-Pfalz,4174311.1518445997
Saarland,994423.5631089008
Sachsen,4089462.0560091515
Sachsen-Anhalt,2180452.4950836934
Schleswig-Holstein,2965692.400015052
Thüringen,2122335.0161016397
