year,Solar,Wind onshore,Wind offshore,Biomass,Hydropower
1900,0.0712,0.0,0.0,0.0,15.56024
1901,0.0712,0.0,0.0,0.0,30.64074
1902,0.0712,0.0,0.0,0.0,34.21884
1903,0.0712,0.0,0.0,0.0,35.72984
1904,0.0712,0.0,0.0,0.0,45.731840000000005
1905,0.0712,0.0,0.0,0.0,65.45909
1906,0.07681,0.0,0.0,0.0,68.42659
1907,0.08925,0.0,0.0,0.0,81.44109
1908,0.09519999999999999,0.0,0.0,0.0,88.38209
1909,0.194135,0.0,0.0,0.0,91.63809
1910,0.2283349999999999,0.0,0.0,0.0,107.62959000000001
1911,0.2689949999999999,0.0,0.0,0.0,110.27069
1912,0.3631779999999998,0.0,0.0,0.0,125.79269000000001
1913,0.39749299999999976,0.0,0.0,0.0,137.63887
1914,0.42358299999999977,0.0,0.0,0.0,156.14737
1915,0.47237299999999977,0.0,0.0,0.0,183.12637
1916,0.5078029999999998,0.0,0.0,0.0,183.21037
1917,0.5608629999999998,0.0,0.0,0.0,184.32037000000003
1918,0.5995589999999997,0.0,0.0,0.0,209.23287000000002
1919,0.5995589999999997,0.0,0.0,0.0,211.38387000000003
1920,0.6140389999999998,0.0,0.0,0.0,236.04987000000003
1921,0.6536389999999997,0.0,0.0,0.0,252.73587000000003
1922,0.6626989999999997,0.0,0.0,0.0,292.96315000000004
1923,0.7641889999999993,0.0,0.0,0.0,353.41295
1924,0.8500689999999992,0.0,0.0,0.0,636.2071500000001
1925,0.8500689999999992,0.0,0.0,0.0,696.0130100000001
1926,0.8500689999999992,0.0,0.0,0.0,726.8445100000001
1927,0.8500689999999992,0.0,0.0,0.0,802.5005100000001
1928,0.8500689999999992,0.0,0.0,0.0,808.7655100000001
1929,0.8500689999999992,0.0,0.0,0.0,857.4928100000001
1930,0.8585689999999991,0.0,0.0,0.0,940.0678100000001
1931,0.8591689999999992,0.0,0.0,0.0,1028.4077100000002
1932,0.8655689999999991,0.0,0.0,0.0,1033.45421
1933,0.8655689999999991,0.0,0.0,0.0,1057.02421
1934,0.8655689999999991,0.0,0.0,0.0,1153.04321
1935,0.8698889999999991,0.0,0.0,0.0,1172.4632100000001
1936,0.8848889999999991,0.0,0.0,0.0,1179.64811
1937,0.8848889999999991,0.0,0.0,0.0,1181.83211
1938,0.9038089999999992,0.0,0.0,0.0,1304.50811
1939,0.9185889999999992,0.0,0.0,0.0,1326.34061
1940,0.9301289999999991,0.0,0.0,0.0,1337.42861
1941,0.9325989999999991,0.0,0.0,0.0,1371.3936099999999
1942,1.001023999999999,0.0,0.0,0.0,1451.3586099999998
1943,1.025363999999999,0.0,0.0,0.0,1487.8509099999997
1944,1.0503939999999992,0.0,0.0,0.0,1521.0499099999997
1945,1.077833999999999,0.0,0.0,0.0,1522.8589099999997
1946,1.088678999999999,0.0,0.0,0.0,1538.6725099999996
1947,1.124883999999999,0.0,0.0,0.0,1546.4915099999996
1948,1.189773999999999,0.0,0.0,0.0,1559.3887099999997
1949,1.237918999999999,0.0,0.0,0.0,1582.6659999999997
1950,1.280278999999999,0.0,0.0,0.0,1642.0784999999996
1951,1.3728249999999989,0.0,0.0,0.0,1752.0904999999996
1952,1.457094999999999,0.0,0.0,0.0,1770.7387999999996
1953,1.5304699999999989,0.0,0.0,0.0,1789.4062999999996
1954,1.6876799999999987,0.0,0.0,0.0,1956.7451999999996
1955,1.7929949999999986,0.0,0.0,50.0,2014.2088999999996
1956,1.9192549999999986,0.0,0.0,50.0,2178.1447999999996
1957,2.0178349999999985,0.0,0.0,50.0,2216.9532999999997
1958,2.1235849999999985,0.0,0.0,50.0,2243.076675
1959,2.2948999999999984,0.0,0.0,50.0,2319.8776749999997
1960,2.4822299999999986,0.0,0.0,50.0,2394.7670239999998
1961,2.7233499999999986,0.0,0.0,50.0,2415.017524
1962,2.9186499999999986,0.0,0.0,50.0,2503.6133839999998
1963,3.1204099999999984,0.0,0.0,50.0,2537.460584
1964,3.3741249999999985,0.0,0.0,50.9,2566.223384
1965,3.4897849999999986,0.0,0.0,50.9,2724.880904
1966,3.7228499999999984,0.0,0.0,79.4,2846.534244
1967,3.8893499999999985,0.0,0.0,79.4,2885.371604
1968,4.026354999999999,0.0,0.0,79.4,2890.017104
1969,4.159234999999999,0.0,0.0,79.4,2913.074304
1970,4.260654999999999,0.0,0.0,79.4,2991.8633040000004
1971,4.476259999999999,0.0,0.0,79.4,3042.4695040000006
1972,4.657999999999999,0.0,0.0,79.4,3043.9928040000004
1973,4.816024999999998,0.0,0.0,79.4,3046.5393040000004
1974,4.929424999999998,0.0,0.0,79.4,3055.548204
1975,4.991254999999998,0.0,0.0,79.4,3075.8282040000004
1976,5.111399999999998,0.0,0.0,79.4,3078.8512040000005
1977,5.264019999999998,0.0,0.0,79.4,3109.1847040000007
1978,5.380199999999998,0.0,0.0,79.4,3241.8609040000006
1979,5.583909999999998,0.0,0.0,79.4,3246.3509040000004
1980,5.846739999999998,0.0,0.0,79.4,3270.556504
1981,6.051089999999998,0.0,0.0,86.43,3294.156504
1982,6.208509999999998,0.0,0.0,88.13000000000001,3369.815304
1983,6.427059999999997,0.055,0.0,100.882,3405.5494040000003
1984,6.645329999999998,0.055,0.0,101.83200000000001,3454.5755040000004
1985,6.926049999999997,0.075,0.0,101.83200000000001,3500.9591240000004
1986,6.995929999999998,0.075,0.0,101.83200000000001,3508.3670940000006
1987,7.122712999999997,0.14,0.0,107.72200000000001,3525.7811040000006
1988,7.356932999999997,0.74,0.0,116.492,3546.2275040000004
1989,7.638291999999997,1.691,0.0,117.217,3554.015224
1990,8.107228999999997,6.4559999999999995,0.0,132.094,3561.4635240000002
1991,9.013309999999997,13.565999999999999,0.0,133.803,3582.526624
1992,10.598765999999998,29.621,0.0,138.652,3709.622874
1993,12.230987999999998,73.301,0.0,140.17299999999997,3754.580574
1994,13.968933999999997,185.335,0.0,159.152,3805.848654
1995,15.373612999999997,440.344,0.0,171.5445,3820.5641539999997
1996,18.963016999999997,658.477,0.0,180.7793,3838.3793539999997
1997,25.440962999999996,937.972,0.0,212.1673,3858.8978639999996
1998,31.601893999999994,1358.37712,0.0,242.3117,3876.2782639999996
1999,41.241012999999995,2327.43217,0.0,336.1577,3904.8095139999996
2000,79.562883,3568.42217,0.0,496.759,3983.1631539999994
2001,181.302884,5987.1171699999995,0.0,628.7221,4014.9926439999995
2002,290.619199,8874.17467,0.0,766.2303999999999,4027.0623439999995
2003,434.284675,11489.18767,0.0,972.5975999999999,4037.3910439999995
2004,1086.921787,13462.08867,0.0,1447.6662199999998,4056.4769639999995
2005,2009.4383990000001,15213.417669999999,0.0,1929.7869199999998,4074.0565439999996
2006,2851.050212,17432.96747,0.0,2649.2307699999997,4097.8768039999995
2007,4098.894102,19100.88467,0.0,3241.272478,4131.064423999999
2008,6071.1064670000005,19866.96617,0.0,3657.880902,4141.820363999999
2009,10505.051913,22555.77137,35.0,4068.480262,4233.615948999999
2010,18064.410357,23971.99157,82.0,4654.759172,4267.777498999999
2011,26033.168550000002,25843.76141,196.3,5711.769081,4333.310908999999
2012,32876.523849000005,28262.204644999998,284.3,6090.224571000001,4365.112578999999
2013,35999.082308000005,31276.429564,548.3,6463.490659000001,4437.185198999999
2014,37759.589455,35936.979907,1049.08,6994.406004000001,4453.437138999999
2015,39172.78463,39737.764267,3381.9,7118.521407000001,4462.271578999998
2016,40670.059599,44188.952397,4237.308,7348.750442000001,4475.643748999998
2017,42336.227837,49710.724397,5522.908,7666.079042000001,4486.653738999998
2018,45289.780526,52180.731317,6513.308,8104.566802000001,4498.725398999997
2019,49304.465693000006,53041.563467,7655.138,8463.875452000002,4508.098468999997
2020,54458.73278600001,54249.509896999996,7874.018,8850.119092000003,4525.343738999997
2021,60170.462125000005,55880.855186999994,7874.018,8970.301412000003,4462.112101999997
2022,67728.248351,57985.484276999996,8216.018,9025.879302000003,4576.663701999997
2023,83061.58468500001,60985.418067,8473.193,9065.624212000002,4578.158202999997
2024,99757.20483700001,63575.196157,9215.092999999999,9173.532412000002,4581.704302999997
2025,100815.82166800002,63800.701957,9215.092999999999,9179.984812000002,4581.724802999996
