Bundesland,Solar,Wind onshore,Wind offshore,Biomass,Hydropower,total_mw,population_est,capacity_per_100k_mw,solar_share_pct,wind_share_pct
Brandenburg,7988.146839,9017.6002,0.0,510.21139999999997,4.71214,17520.670579,2581670.055069208,678.66,45.6,51.5
Mecklenburg-Vorpommern,4274.229985,3807.75352,305.475,438.737566,2.5957600000000003,8828.791831,1629461.5656959238,541.82,48.4,46.6
Sachsen-Anhalt,4777.137266,5528.6601,0.0,521.75211,32.802499999999995,10860.351975999998,2180452.4950836934,498.08,44.0,50.9
Schleswig-Holstein,3806.715701,8977.28474,0.0,599.7614,5.042,13388.803840999999,2965692.400015052,451.46,28.4,67.1
Niedersachsen,8921.511985000001,13004.229299999999,224.10000000000002,1898.5157689999999,80.09248,24128.449534,8161991.553855591,295.62,37.0,54.8
Bayern,26975.774237,2681.240785,0.0,1895.51504,2816.54508,34369.075142,13435057.626866473,255.82,78.5,7.8
Thüringen,2844.799551,1875.3722089999999,0.0,302.83342400000004,100.73011,5123.735294000001,2122335.01610164,241.42,55.5,36.6
Rheinland-Pfalz,5137.158006,4155.3306999999995,0.0,192.56915,237.48068999999998,9722.538546,4174311.1518446,232.91,52.8,42.7
Saarland,1033.2282739999998,552.0372,0.0,12.8375,18.03075,1616.1337239999998,994423.5631089008,162.52,63.9,34.2
Sachsen,4704.895898,1385.7444300000002,0.0,311.81235000000004,95.53634,6497.989017999999,4089462.056009152,158.9,72.4,21.3
Baden-Württemberg,12654.449208,1909.4806429999999,0.0,919.3566500000001,891.6448,16374.931301,11339254.719738731,144.41,77.3,11.7
Hessen,4710.625779,2640.60923,0.0,274.20799,94.329743,7719.772742,6420724.16306665,120.23,61.0,34.2
Nordrhein-Westfalen,12272.11442,7920.8589,0.0,1199.8294629999998,192.06241,21584.865192999998,18190387.02174276,118.66,56.9,36.7
Bremen,135.999129,202.91400000000002,0.0,12.5597,10.0,361.47282900000005,691696.1220990408,52.26,37.6,56.1
Hamburg,190.07885,125.0116,0.0,48.73870000000001,0.12,363.94915,1910163.0614072292,19.05,52.2,34.3
Berlin,388.95654,16.5744,0.0,40.7466,0.0,446.27754000000004,3782182.744231713,11.8,87.2,3.7
